term,estimate,std.error,statistic,p.value
(Intercept),-11530000000,2283000000,-5.0484034536790485,5.35e-7
in_spotify_playlists,59600,1544,38.601117982079856,2.2899999999999985e-196
danceability_pct,-1870000,2695000,-0.6939638574561253,0.488
energy_pct,-3060000,2728000,-1.1216978805767561,0.262
valence_pct,520100,554400,0.9380130869278477,0.348
artist_count,-32530000,12810000,-2.538760946067885,0.0113
released_year,5951000,1135000,5.242614567685489,1.95e-7
danceability_pct:energy_pct,15380,42330,0.363255343609897,0.716
